chrom	p_start	p_end	name	primerpool	strand	sequence
MN908947.3	26	50	SARS-CoV-2_1_LEFT	1	+	AACAAACCAACCAACTTTCGATCTC
MN908947.3	409	431	SARS-CoV-2_1_RIGHT	1	-	CTTCTACTAAGCCACAAGTGCCA
MN908947.3	325	344	SARS-CoV-2_2_LEFT	2	+	TTTACAGGTTCGCGACGTGC
MN908947.3	706	727	SARS-CoV-2_2_RIGHT	2	-	ATAAGGATCAGTGCCAAGCTCG
MN908947.3	645	666	SARS-CoV-2_3_LEFT	1	+	GTAATAAAGGAGCTGGTGGCCA
MN908947.3	1018	1044	SARS-CoV-2_3_RIGHT	1	-	GCCAATTTAATTTCAAAAGGTGTCTGC
MN908947.3	945	966	SARS-CoV-2_4_LEFT	2	+	GTGTATACTGCTGCCGTGAACA
MN908947.3	1338	1362	SARS-CoV-2_4_RIGHT	2	-	ACAACAGCATTTTGGGGTAAGTAAC
MN908947.3	1246	1266	SARS-CoV-2_5_LEFT	1	+	TGAAACTTCATGGCAGACGGG
MN908947.3	1624	1650	SARS-CoV-2_5_RIGHT	1	-	TTGATGTTGACTTTCTCTTTTTGGAGT
MN908947.3	1541	1562	SARS-CoV-2_6_LEFT	2	+	CGTGCTAGCGCTAACATAGGTT
MN908947.3	1926	1948	SARS-CoV-2_6_RIGHT	2	-	AACACGCACAGAATTTTGAGCAG
MN908947.3	1852	1875	SARS-CoV-2_7_LEFT	1	+	ACTGAGTCCTCTTTATGCATTTGC
MN908947.3	2229	2250	SARS-CoV-2_7_RIGHT	1	-	CCACCGACAATTTCACAAGCAC
MN908947.3	2155	2180	SARS-CoV-2_8_LEFT	2	+	GCTTGAAGAGAAGTTTAAGGAAGGTG
MN908947.3	2545	2571	SARS-CoV-2_8_RIGHT	2	-	GGTTGTTCTAATGGTTGTAAATCACCA
MN908947.3	2484	2508	SARS-CoV-2_9_LEFT	1	+	TCTTCTTAGAGGGAGAAACACTTCC
MN908947.3	2862	2885	SARS-CoV-2_9_RIGHT	1	-	CACAGGCGAACTCATTTACTTCTG
MN908947.3	2827	2850	SARS-CoV-2_10_LEFT	2	+	TGAGAAGTGCTCTGCCTATACAGT
MN908947.3	3184	3210	SARS-CoV-2_10_RIGHT	2	-	TCATCTAACCAATCTTCTTCTTGCTCT
MN908947.3	3079	3102	SARS-CoV-2_11_LEFT	1	+	AGAAGAGTTTGAGCCATCAACTCA
MN908947.3	3471	3492	SARS-CoV-2_11_RIGHT	1	-	TTTAAGGCTCCTGCAACACCTC
MN908947.3	3391	3412	SARS-CoV-2_12_LEFT	2	+	TGCAGACATTGTGGAAGAAGCT
MN908947.3	3770	3794	SARS-CoV-2_12_RIGHT	2	-	CAGCTAAGTAGACATTTGTGCGAAC
MN908947.3	3684	3705	SARS-CoV-2_13_LEFT	1	+	AGCACGAAGTTCTACTTGCACC
MN908947.3	4068	4093	SARS-CoV-2_13_RIGHT	1	-	GATGTCAATGTCACTAACAAGAGTGG
MN908947.3	3993	4018	SARS-CoV-2_14_LEFT	2	+	TGGAAGAAACTAAGTTCCTCACAGAA
MN908947.3	4388	4409	SARS-CoV-2_14_RIGHT	2	-	CATGTGCAAGCATTTCTCGCAA
MN908947.3	4313	4339	SARS-CoV-2_15_LEFT	1	+	AAAAGTGCCTTTTACATTCTACCATCT
MN908947.3	4686	4710	SARS-CoV-2_15_RIGHT	1	-	GCATCAGGTGAAGAAACAGAAACTG
MN908947.3	4621	4648	SARS-CoV-2_16_LEFT	2	+	TGTAACACATGGCTTAAATTTGGAAGAA
MN908947.3	4996	5017	SARS-CoV-2_16_RIGHT	2	-	CACAACTTGCGTGTGGAGGTTA
MN908947.3	4924	4953	SARS-CoV-2_17_LEFT	1	+	TGACAATCTTAAGACACTTCTTTCTTTGAG
MN908947.3	5303	5331	SARS-CoV-2_17_RIGHT	1	-	TTCAACTCTATTTGTTGGAGTGTTAACAA
MN908947.3	5231	5259	SARS-CoV-2_18_LEFT	2	+	TGGAAATACCCACAAGTTAATGGTTTAAC
MN908947.3	5621	5643	SARS-CoV-2_18_RIGHT	2	-	GCTTGTTTACCACACGTACAAGG
MN908947.3	5562	5584	SARS-CoV-2_19_LEFT	1	+	AAGCTGTTATGTACATGGGCACA
MN908947.3	5933	5957	SARS-CoV-2_19_RIGHT	1	-	TGTCCAACTTAGGGTCAATTTCTGT
MN908947.3	5868	5894	SARS-CoV-2_20_LEFT	2	+	ACAAAGAAAACAGTTACACAACAACCA
MN908947.3	6248	6272	SARS-CoV-2_20_RIGHT	2	-	ACGTGGCTTTATTAGTTGCATTGTT
MN908947.3	6185	6210	SARS-CoV-2_21_LEFT	1	+	CACTACACACCCTCTTTTAAGAAAGG
MN908947.3	6554	6582	SARS-CoV-2_21_RIGHT	1	-	GTAAGACTAGAATTGTCTACATAAGCAGC
MN908947.3	6479	6507	SARS-CoV-2_22_LEFT	2	+	GTAGGAGACATTATACTTAAACCAGCAAA
MN908947.3	6860	6885	SARS-CoV-2_22_RIGHT	2	-	CCGACACTCTTAACAGTATTCTTTGC
MN908947.3	6748	6776	SARS-CoV-2_23_LEFT	1	+	AAACCGTGTTTGTACTAATTATATGCCTT
MN908947.3	7123	7148	SARS-CoV-2_23_RIGHT	1	-	AACCACTAAGACAAACACTACAAGGT
MN908947.3	7058	7084	SARS-CoV-2_24_LEFT	2	+	GGTTACAGAGAAGGCTATTTGAACTCT
MN908947.3	7441	7467	SARS-CoV-2_24_RIGHT	2	-	ACAACATGCACATAACTTTTCCATACA
MN908947.3	7382	7403	SARS-CoV-2_25_LEFT	1	+	CAAATGGCCCCGATTTCAGCTA
MN908947.3	7748	7770	SARS-CoV-2_25_RIGHT	1	-	TGGATGGAACCATTCTTCACTGT
MN908947.3	7673	7695	SARS-CoV-2_26_LEFT	2	+	GCGAGAGACTTGTCACTACAGTT
MN908947.3	8064	8092	SARS-CoV-2_26_RIGHT	2	-	GAGTTTTTCCATTGGTACGTTAAAAGTTG
MN908947.3	7998	8019	SARS-CoV-2_27_LEFT	1	+	CTGATGTTGGTGATAGTGCGGA
MN908947.3	8371	8395	SARS-CoV-2_27_RIGHT	1	-	AGCAATGTTGTGACTTTTTGCTACC
MN908947.3	8305	8326	SARS-CoV-2_28_LEFT	2	+	TGAAAACATGACACCCCGTGAC
MN908947.3	8692	8714	SARS-CoV-2_28_RIGHT	2	-	TGACACCACCATCAATAGCCTTG
MN908947.3	8597	8619	SARS-CoV-2_29_LEFT	1	+	CTTGTGTTCCTTTTTGTTGCTGC
MN908947.3	8991	9013	SARS-CoV-2_29_RIGHT	1	-	AGCCAAAACACAAGCTGATGTTG
MN908947.3	8920	8944	SARS-CoV-2_30_LEFT	2	+	ACCTAGAGTTTTTAGTGCAGTTGGT
MN908947.3	9307	9329	SARS-CoV-2_30_RIGHT	2	-	CTACACCACAGAAAACTCCTGGT
MN908947.3	9169	9192	SARS-CoV-2_31_LEFT	1	+	CCTTGAAGGTTCTGTTAGAGTGGT
MN908947.3	9536	9564	SARS-CoV-2_31_RIGHT	1	-	AATGAGTAAACTGGTGTTAAACAGAGTAC
MN908947.3	9471	9497	SARS-CoV-2_32_LEFT	2	+	GAGCTTTTGGTGAATACAGTCATGTAG
MN908947.3	9843	9866	SARS-CoV-2_32_RIGHT	2	-	GAGGTAATAGCACATCACTACGCA
MN908947.3	9783	9805	SARS-CoV-2_33_LEFT	1	+	GTACTTTTGAAGAAGCTGCGCTG
MN908947.3	10151	10176	SARS-CoV-2_33_RIGHT	1	-	TGTCTTGGACAGTAAACTACGTCATC
MN908947.3	10077	10099	SARS-CoV-2_34_LEFT	2	+	TCCCATCTGGTAAAGTTGAGGGT
MN908947.3	10466	10491	SARS-CoV-2_34_RIGHT	2	-	CCACATGAACCATTAAGGAATGAACC
MN908947.3	10394	10419	SARS-CoV-2_35_LEFT	1	+	GTGTTAGCTTGTTACAATGGTTCACC
MN908947.3	10786	10810	SARS-CoV-2_35_RIGHT	1	-	AGGTCCTAGTATGTCAACATGGTCT
MN908947.3	10714	10742	SARS-CoV-2_36_LEFT	2	+	CAATCGATTTACCACAACTCTTAATGACT
MN908947.3	11093	11116	SARS-CoV-2_36_RIGHT	2	-	ACCCATAGCAAAAGGTAAAAAGGC
MN908947.3	11001	11023	SARS-CoV-2_37_LEFT	1	+	CACACCACTGGTTGTTACTCACA
MN908947.3	11389	11414	SARS-CoV-2_37_RIGHT	1	-	GTGTCAAGACATTCATAAGTGTCCAC
MN908947.3	11306	11330	SARS-CoV-2_38_LEFT	2	+	GACTGTGTTATGTATGCATCAGCTG
MN908947.3	11690	11720	SARS-CoV-2_38_RIGHT	2	-	CCTGTGTAGAAACTAAGTAATCATAAACACC
MN908947.3	11625	11651	SARS-CoV-2_39_LEFT	1	+	GCTATTTTTGTACTTGTTACTTTGGCC
MN908947.3	12012	12033	SARS-CoV-2_39_RIGHT	1	-	CCCTGCATGGAAAGCAAAACAG
MN908947.3	11938	11963	SARS-CoV-2_40_LEFT	2	+	TGTCCAGTTACACAATGACATTCTCT
MN908947.3	12318	12339	SARS-CoV-2_40_RIGHT	2	-	ACTTTTGCCCTCTTGTCCTCAG
MN908947.3	12235	12255	SARS-CoV-2_41_LEFT	1	+	ATTTGACCGTGATGCAGCCAT
MN908947.3	12619	12643	SARS-CoV-2_41_RIGHT	1	-	AAGAGGCCATGCTAAATTAGGTGAA
MN908947.3	12520	12546	SARS-CoV-2_42_LEFT	2	+	TGGTACAACATTTACTTATGCATCAGC
MN908947.3	12896	12920	SARS-CoV-2_42_RIGHT	2	-	TGTCTGTAACAAACCTACAAGGTGG
MN908947.3	12832	12856	SARS-CoV-2_43_LEFT	1	+	GGATTTGAAATGGGCTAGATTCCCT
MN908947.3	13219	13240	SARS-CoV-2_43_RIGHT	1	-	CGATGCACCACCAAAGGATTCT
MN908947.3	13125	13148	SARS-CoV-2_44_LEFT	2	+	GGGGACAACCAATCACTAATTGTG
MN908947.3	13507	13528	SARS-CoV-2_44_RIGHT	2	-	CATCAGTACTAGTGCCTGTGCC
MN908947.3	13464	13485	SARS-CoV-2_45_LEFT	1	+	TAAACGGGTTTGCGGTGTAAGT
MN908947.3	13834	13859	SARS-CoV-2_45_RIGHT	1	-	TCACAATTACCTTCATCAAAATGCCT
MN908947.3	13753	13775	SARS-CoV-2_46_LEFT	2	+	AGAATAGACGGTGACATGGTACC
MN908947.3	14121	14144	SARS-CoV-2_46_RIGHT	2	-	TCTACAACAGGAACTCCACTACCT
MN908947.3	14046	14075	SARS-CoV-2_47_LEFT	1	+	TGGTGTACTGACATTAGATAATCAAGATCT
MN908947.3	14429	14457	SARS-CoV-2_47_RIGHT	1	-	TGGAACACCATCAACAAATATTTTTCTCA
MN908947.3	14339	14362	SARS-CoV-2_48_LEFT	2	+	ACTGTTTGGATGACAGATGCATTC
MN908947.3	14718	14743	SARS-CoV-2_48_RIGHT	2	-	CAGAACTTCCTTCCTTAAAGAAACCC
MN908947.3	14648	14674	SARS-CoV-2_49_LEFT	1	+	ACAATGTTGCTTTTCAAACTGTCAAAC
MN908947.3	15024	15050	SARS-CoV-2_49_RIGHT	1	-	GGGATGACATTACGTTTTGTATATGCG
MN908947.3	14954	14983	SARS-CoV-2_50_LEFT	2	+	CATTTAATAAATGGGGTAAGGCTAGACTTT
MN908947.3	15337	15358	SARS-CoV-2_50_RIGHT	2	-	GAGCAAGAACAAGTGAGGCCAT
MN908947.3	15215	15237	SARS-CoV-2_51_LEFT	1	+	GCAAATTCTATGGTGGTTGGCAC
MN908947.3	15597	15619	SARS-CoV-2_51_RIGHT	1	-	GTCTGTGTTGTAAATTGCGGACA
MN908947.3	15536	15557	SARS-CoV-2_52_LEFT	2	+	CTGTCACGGCCAATGTTAATGC
MN908947.3	15918	15941	SARS-CoV-2_52_RIGHT	2	-	GGATCTGGGTAAGGAAGGTACACA
MN908947.3	15856	15881	SARS-CoV-2_53_LEFT	1	+	ACTAAAGGACCTCATGAATTTTGCTC
MN908947.3	16240	16260	SARS-CoV-2_53_RIGHT	1	-	GCAAAGAACACAAGCCCCAAC
MN908947.3	16113	16137	SARS-CoV-2_54_LEFT	2	+	ACATGATGAGTTAACAGGACACATG
MN908947.3	16484	16508	SARS-CoV-2_54_RIGHT	2	-	CCAAAAACTTGTCCATTAGCACACA
MN908947.3	16387	16408	SARS-CoV-2_55_LEFT	1	+	AATGCTCCAGGTTGTGATGTCA
MN908947.3	16768	16796	SARS-CoV-2_55_RIGHT	1	-	ACACGATAACCAGTAAAGACATAATTTCG
MN908947.3	16693	16714	SARS-CoV-2_56_LEFT	2	+	ACTGTACGTGAAGTGCTGTCTG
MN908947.3	17083	17105	SARS-CoV-2_56_RIGHT	2	-	TGACTCTTACCAGTACCAGGTGG
MN908947.3	16987	17013	SARS-CoV-2_57_LEFT	1	+	GGCTTATACCCAACACTCAATATCTCA
MN908947.3	17382	17405	SARS-CoV-2_57_RIGHT	1	-	CTGGCATTGACAACACTCAAATCA
MN908947.3	17324	17345	SARS-CoV-2_58_LEFT	2	+	TGCCTGAGACGACAGCAGATAT
MN908947.3	17689	17711	SARS-CoV-2_58_RIGHT	2	-	TGTGGCCTGTTAATTGCAGATGA
MN908947.3	17616	17642	SARS-CoV-2_59_LEFT	1	+	GCTTAAAGCACATAAAGACAAATCAGC
MN908947.3	17998	18022	SARS-CoV-2_59_RIGHT	1	-	TCCTACGTGGAATTTCAAGACTTGT
MN908947.3	17912	17939	SARS-CoV-2_60_LEFT	2	+	ACAGATTTAATGTTGCTATTACCAGAGC
MN908947.3	18308	18328	SARS-CoV-2_60_RIGHT	2	-	TAGCATGACACCCCTCGACAT
MN908947.3	18245	18267	SARS-CoV-2_61_LEFT	1	+	ACCCTAACATGTTTATCACCCGC
MN908947.3	18625	18652	SARS-CoV-2_61_RIGHT	1	-	GCTCAGGTCCTATTTTCACAAAATACTT
MN908947.3	18551	18578	SARS-CoV-2_62_LEFT	2	+	GTGACACACTTAAAAATCTCTCTGACAG
MN908947.3	18937	18961	SARS-CoV-2_62_RIGHT	2	-	CCGCATTAATCTTCAGTTCATCACC
MN908947.3	18870	18891	SARS-CoV-2_63_LEFT	1	+	TAGGTGTCTAGCTGTCCACGAG
MN908947.3	19253	19277	SARS-CoV-2_63_RIGHT	1	-	CCAGGCAAGTTAAGGTTAGATAGCA
MN908947.3	19184	19208	SARS-CoV-2_64_LEFT	2	+	GCCTATTTTGGAATTGCAATGTCGA
MN908947.3	19559	19586	SARS-CoV-2_64_RIGHT	2	-	GTATCAAATTGTTTGTAAACCCACAAGC
MN908947.3	19486	19513	SARS-CoV-2_65_LEFT	1	+	GTCTGTAGACATCATGCTAATGAGTACA
MN908947.3	19878	19901	SARS-CoV-2_65_RIGHT	1	-	GCTGGAGCATCTCTTTTGTAGTCC
MN908947.3	19811	19836	SARS-CoV-2_66_LEFT	2	+	AACCAGTACCAGAGGTGAAAATACTC
MN908947.3	20187	20216	SARS-CoV-2_66_RIGHT	2	-	TTTCTACTCTGAGTAAAGTAAGTTTCAGGT
MN908947.3	20091	20117	SARS-CoV-2_67_LEFT	1	+	CAAACAAGCTAGTCTTAATGGAGTCAC
MN908947.3	20473	20497	SARS-CoV-2_67_RIGHT	1	-	AACACACACACTTAGATGAACCTGT
MN908947.3	20378	20405	SARS-CoV-2_68_LEFT	2	+	GACTAGCTAAACGTTTTAAGGAATCACC
MN908947.3	20767	20792	SARS-CoV-2_68_RIGHT	2	-	GCGACATTCATCATTATGCCTTTAGG
MN908947.3	20678	20699	SARS-CoV-2_69_LEFT	1	+	CGGGTGTTGCTATGCCTAATCT
MN908947.3	21051	21080	SARS-CoV-2_69_RIGHT	1	-	TTTGTAACATTTTTAGTCTTAGGGTCGTAC
MN908947.3	20989	21013	SARS-CoV-2_70_LEFT	2	+	TTGATTGGTGATTGTGCAACTGTAC
MN908947.3	21359	21387	SARS-CoV-2_70_RIGHT	2	-	AGAATAGGAAGACAACTGAATTGGATTTG
MN908947.3	21295	21316	SARS-CoV-2_71_LEFT	1	+	GGCAAACCACGCGAACAAATAG
MN908947.3	21676	21700	SARS-CoV-2_71_RIGHT	1	-	TGAGGATCTGAAAACTTTGTCAGGG
MN908947.3	21533	21561	SARS-CoV-2_72_LEFT	2	+	GTGATGTTCTTGTTAACAACTAAACGAAC
MN908947.3	21905	21933	SARS-CoV-2_72_RIGHT	2	-	GTAGCGTTATTAACAATAAGTAGGGACTG
MN908947.3	21866	21889	SARS-CoV-2_73_LEFT	1	+	AGAGGCTGGATTTTTGGTACTACT
MN908947.3	22248	22274	SARS-CoV-2_73_RIGHT	1	-	ACCTAGTGATGTTAATACCTATTGGCA
MN908947.3	22092	22113	SARS-CoV-2_74_LEFT	2	+	TGGACCTTGAAGGAAAACAGGG
MN908947.3	22475	22503	SARS-CoV-2_74_RIGHT	2	-	TGATAGATTCCTTTTTCTACAGTGAAGGA
MN908947.3	22403	22428	SARS-CoV-2_75_LEFT	1	+	GAAAATGGAACCATTACAGATGCTGT
MN908947.3	22786	22805	SARS-CoV-2_75_RIGHT	1	-	TTTGCCCTGGAGCGATTTGT
MN908947.3	22649	22677	SARS-CoV-2_76_LEFT	2	+	GCTGATTATTCTGTCCTATATAATTCCGC
MN908947.3	23029	23057	SARS-CoV-2_76_RIGHT	2	-	GTTGGAAACCATATGATTGTAAAGGAAAG
MN908947.3	22945	22974	SARS-CoV-2_77_LEFT	1	+	CAAACCTTTTGAGAGAGATATTTCAACTGA
MN908947.3	23328	23351	SARS-CoV-2_77_RIGHT	1	-	CACTGACACCACCAAAAGAACATG
MN908947.3	23220	23246	SARS-CoV-2_78_LEFT	2	+	CTGAGTCTAACAAAAAGTTTCTGCCTT
MN908947.3	23612	23635	SARS-CoV-2_78_RIGHT	2	-	GGATTGACTAGCTACACTACGTGC
MN908947.3	23554	23575	SARS-CoV-2_79_LEFT	1	+	ACCCATTGGTGCAGGTATATGC
MN908947.3	23928	23955	SARS-CoV-2_79_RIGHT	1	-	CCAAAATCTTTAATTGGTGGTGTTTTGT
MN908947.3	23854	23876	SARS-CoV-2_80_LEFT	2	+	CCGTGCTTTAACTGGAATAGCTG
MN908947.3	24234	24258	SARS-CoV-2_80_RIGHT	2	-	GCAAATGGTATTTGTAATGCAGCAC
MN908947.3	24172	24194	SARS-CoV-2_81_LEFT	1	+	TGCTCAATACACTTCTGCACTGT
MN908947.3	24546	24567	SARS-CoV-2_81_RIGHT	1	-	TGAAGTCTGCCTGTGATCAACC
MN908947.3	24427	24448	SARS-CoV-2_82_LEFT	2	+	TGCACAAGCTTTAAACACGCTT
MN908947.3	24815	24836	SARS-CoV-2_82_RIGHT	2	-	CACGAGGAAAGTGTGCTTTTCC
MN908947.3	24751	24772	SARS-CoV-2_83_LEFT	1	+	GCATGTGACTTATGTCCCTGCA
MN908947.3	25123	25150	SARS-CoV-2_83_RIGHT	1	-	AGATTCATTTAAATTCTTGGCAACCTCA
MN908947.3	25052	25076	SARS-CoV-2_84_LEFT	2	+	GTTGATTTAGGTGACATCTCTGGCA
MN908947.3	25439	25461	SARS-CoV-2_84_RIGHT	2	-	AGCATCCTTGATTTCACCTTGCT
MN908947.3	25332	25353	SARS-CoV-2_85_LEFT	1	+	ATGAAGACGACTCTGAGCCAGT
MN908947.3	25712	25740	SARS-CoV-2_85_RIGHT	1	-	CTGCAAGAAGTAGACTAAAGCATAAAGAT
MN908947.3	25646	25672	SARS-CoV-2_86_LEFT	2	+	TGTTGTTTGTAACAGTTTACTCACACC
MN908947.3	26027	26050	SARS-CoV-2_86_RIGHT	2	-	TCAATTGAGTTGAGTACAGCTGGT
MN908947.3	25952	25979	SARS-CoV-2_87_LEFT	1	+	GTGGTTATACTGAAAAATGGGAATCTGG
MN908947.3	26339	26360	SARS-CoV-2_87_RIGHT	1	-	AATCGAAGCGCAGTAAGGATGG
MN908947.3	26256	26277	SARS-CoV-2_88_LEFT	2	+	CGTTTCGGAAGAGACAGGTACG
MN908947.3	26636	26661	SARS-CoV-2_88_RIGHT	2	-	ACAAAAACCTATTCCTGTTGGCATAG
MN908947.3	26565	26587	SARS-CoV-2_89_LEFT	1	+	AAGCTCCTTGAACAATGGAACCT
MN908947.3	26957	26979	SARS-CoV-2_89_RIGHT	1	-	CAGCAATACGAAGATGTCCACGA
MN908947.3	26874	26895	SARS-CoV-2_90_LEFT	2	+	ATTCTTCTCAACGTGCCACTCC
MN908947.3	27257	27283	SARS-CoV-2_90_RIGHT	2	-	TCCAAATGGAAACTTTAAAAGTCCTCA
MN908947.3	27153	27177	SARS-CoV-2_91_LEFT	1	+	TCCAGTAGCAGTGACAATATTGCTT
MN908947.3	27535	27560	SARS-CoV-2_91_RIGHT	1	-	AGTGCAAATTTGTTATCAGCTAGAGG
MN908947.3	27448	27473	SARS-CoV-2_92_LEFT	2	+	CACTACCAAGAGTGTGTTAGAGGTAC
MN908947.3	27827	27855	SARS-CoV-2_92_RIGHT	2	-	GTTCAAGTGAGAACCAAAAGATAATAAGC
MN908947.3	27701	27726	SARS-CoV-2_93_LEFT	1	+	TTGTTGCGGCAATAGTGTTTATAACA
MN908947.3	28083	28104	SARS-CoV-2_93_RIGHT	1	-	TGGGTGATTTAGAACCAGCCTC
MN908947.3	27997	28021	SARS-CoV-2_94_LEFT	2	+	ACCCGTGTCCTATTCACTTCTATTC
MN908947.3	28395	28416	SARS-CoV-2_94_RIGHT	2	-	TTATTGGGTAAACCTTGGGGCC
MN908947.3	28191	28214	SARS-CoV-2_95_LEFT	1	+	GTGCGTTGTTCGTTCTATGAAGAC
MN908947.3	28573	28598	SARS-CoV-2_95_RIGHT	1	-	ACCATCTTGGACTGAGATCTTTCATT
MN908947.3	28513	28536	SARS-CoV-2_96_LEFT	2	+	AGATGACCAAATTGGCTACTACCG
MN908947.3	28894	28914	SARS-CoV-2_96_RIGHT	2	-	CCATTGCCAGCCATTCTAGCA
MN908947.3	28828	28849	SARS-CoV-2_97_LEFT	1	+	TTCCTCATCACGTAGTCGCAAC
MN908947.3	29207	29227	SARS-CoV-2_97_RIGHT	1	-	CGACATTCCGAAGAACGCTGA
MN908947.3	29137	29161	SARS-CoV-2_98_LEFT	2	+	CCAGGAACTAATCAGACAAGGAACT
MN908947.3	29513	29534	SARS-CoV-2_98_RIGHT	2	-	TTTAGGCCTGAGTTGAGTCAGC
MN908947.3	29453	29475	SARS-CoV-2_99_LEFT	1	+	CTTCTTCCTGCTGCAGATTTGGA
MN908947.3	29828	29854	SARS-CoV-2_99_RIGHT	1	-	GCTATTAAAATCACATGGGGATAGCAC
